X,Y,fid,X,Y,Nev,icon_url,MELY_Injektálási mélység [m],MELY_Injektálás tervezett dátuma
19.0731014724418,47.6427341035305,"1","651928","255432",DP1,./0.png,12.2,2022/11/10
19.0731014557394,47.6426981259316,"2","651928","255428",DP2,./0.png,12.2,2022/11/10
19.0731546917576,47.6426981146317,"3","651932","255428",DP3,./0.png,11.9,2022/11/10
19.0730482197213,47.642698137207,"4","651924","255428",DP4,./0.png,12.2,2022/11/10
19.0731014390371,47.6426621483324,"5","651928","255424",DP5,./0.png,11.9,2022/11/10
19.0731014223349,47.6426261707326,"6","651928","255420",DP6,./0.png,11.9,2022/11/10
19.0731546582805,47.6426261594327,"7","651932","255420",DP7,./0.png,11.9,2022/11/11
19.073207894226,47.6426261481084,"8","651936","255420",DP8,./0.png,11.9,2022/11/11
19.0732078774512,47.6425901705082,"9","651936","255416",DP9,./0.png,12.2,2022/11/11
19.0732611133605,47.6425901591594,"10","651940","255416",DP10,./0.png,12.2,2022/11/11
19.0731546415419,47.6425901818326,"11","651932","255416",DP11,./0.png,11.9,2022/11/11
19.0731014056326,47.6425901931325,"12","651928","255416",DP12,./0.png,12,2022/11/11
19.0730481697232,47.6425902044079,"13","651924","255416",DP13,./0.png,12,2022/11/12
19.0730481863892,47.642626182008,"14","651924","255420",DP14,./0.png,11.7,2022/11/12
19.0729949504436,47.6426261932589,"15","651920","255420",DP15,./0.png,11.7,2022/11/12
19.0729949338139,47.6425902156587,"16","651920","255416",DP16,./0.png,11.7,2022/11/12
19.0729416979045,47.6425902268851,"17","651916","255416",DP17,./0.png,11.7,2022/11/12
19.072941714498,47.6426262044852,"18","651916","255420",DP18,./0.png,11.7,2022/11/12
19.0728884785523,47.6426262156871,"19","651912","255420",DP19,./0.png,11.7,2022/11/14
19.0728352426066,47.6426262268644,"20","651908","255420",DP20,./0.png,11.7,2022/11/14
19.0728884619951,47.6425902380869,"21","651912","255416",DP21,./0.png,12,2022/11/14
19.0728352260856,47.6425902492643,"22","651908","255416",DP22,./0.png,11.7,2022/11/14
19.0728884951095,47.6426621932869,"23","651912","255424",DP23,./0.png,11.7,2022/11/14
19.0728352591275,47.6426622044642,"24","651908","255424",DP24,./0.png,11.7,2022/11/14
19.0728352756485,47.6426981820635,"25","651908","255428",DP25,./0.png,11.4,2022/11/15
19.0728885116668,47.6426981708861,"26","651912","255428",DP26,./0.png,11.4,2022/11/15
19.0729417310914,47.642662182085,"27","651916","255424",DP27,./0.png,11.7,2022/11/15
19.072941747685,47.6426981596843,"28","651916","255428",DP28,./0.png,11.7,2022/11/15
19.0729949670734,47.6426621708586,"29","651920","255424",DP29,./0.png,11.7,2022/11/15
19.0729949837031,47.6426981484579,"30","651920","255428",DP30,./0.png,12.2,2022/11/15
19.0729950003329,47.6427341260568,"31","651920","255432",DP31,./0.png,12.2,2022/11/16
19.0729950169628,47.6427701036553,"32","651920","255436",DP32,./0.png,12.4,2022/11/16
19.0730482530535,47.6427700924043,"33","651924","255436",DP33,./0.png,12.2,2022/11/16
19.0730482697196,47.6428060700024,"34","651924","255440",DP34,./0.png,12.4,2022/11/16
19.0727821879939,47.6430219915914,"35","651904","255464",DP35,./0.png,11.8,2022/11/16
19.0729417974656,47.6428060924797,"36","651916","255440",DP36,./0.png,12.4,2022/11/16
19.0729417808721,47.6427701148816,"37","651916","255436",DP37,./0.png,11.4,2022/11/17
19.0729417642785,47.6427341372832,"38","651916","255432",DP38,./0.png,11.4,2022/11/17
19.0729418472465,47.6429140252713,"39","651916","255452",DP39,./0.png,11.7,2022/11/17
19.0728886441256,47.6429859916655,"40","651912","255460",DP40,./0.png,11.7,2022/11/17
19.0727821220543,47.6428780812067,"41","651904","255448",DP41,./0.png,11.8,2022/11/17
19.0728353582538,47.6428780700538,"42","651908","255448",DP42,./0.png,11.8,2022/11/17
19.0728885613387,47.6428061036816,"43","651912","255440",DP43,./0.png,11.4,2022/11/18
19.0727821715089,47.6429860139958,"44","651904","255460",DP44,./0.png,11.8,2022/11/18
19.0729950668524,47.6428780364481,"45","651920","255448",DP45,./0.png,12.4,2022/11/18
19.0729418306529,47.6428780476745,"46","651916","255448",DP46,./0.png,12.4,2022/11/18
19.0728885944534,47.6428780588764,"47","651912","255448",DP47,./0.png,11.7,2022/11/18
19.072888577896,47.6428420812792,"48","651912","255444",DP48,./0.png,12.4,2022/11/18
19.0728354078173,47.642986002843,"49","651908","255460",DP49,./0.png,11.7,2022/11/19
19.0727820725998,47.6427701484138,"50","651904","255436",DP50,./0.png,11.8,2022/11/19
19.072782056115,47.6427341708153,"51","651904","255432",DP51,./0.png,11.4,2022/11/19
19.0724095822744,47.6431300017599,"52","651876","255476",DP52,./0.png,12.5,2022/11/19
19.0724628187279,47.6431299907785,"53","651880","255476",DP53,./0.png,12.5,2022/11/19
19.0727819901762,47.6425902604171,"54","651904","255416",DP54,./0.png,11.7,2022/11/19
19.0727819736915,47.6425542828165,"55","651904","255412",DP55,./0.png,12,2022/11/21
19.0728352095647,47.6425542716637,"56","651908","255412",DP56,./0.png,12,2022/11/21
19.072941681311,47.6425542492845,"57","651916","255412",DP57,./0.png,12,2022/11/21
19.0729949171842,47.6425542380582,"58","651920","255412",DP58,./0.png,12,2022/11/21
19.0729949005545,47.6425182604571,"59","651920","255408",DP59,./0.png,12,2022/11/21
19.0729416647176,47.6425182716835,"60","651916","255408",DP60,./0.png,12,2022/11/21
19.0729416481242,47.6424822940821,"61","651916","255404",DP61,./0.png,11.9,2022/11/22
19.0729948839248,47.6424822828557,"62","651920","255404",DP62,./0.png,11.9,2022/11/22
19.0730481363913,47.6425182492063,"63","651924","255408",DP63,./0.png,12,2022/11/22
19.0731013722282,47.642518237931,"64","651928","255408",DP64,./0.png,12,2022/11/22
19.0731546248034,47.6425542042321,"65","651932","255412",DP65,./0.png,12,2022/11/22
19.073154608065,47.6425182266311,"66","651932","255408",DP66,./0.png,11.8,2022/11/22
19.0732078439017,47.6425182153067,"67","651936","255408",DP67,./0.png,11.8,2022/11/23
19.0732610797385,47.6425182039578,"68","651940","255408",DP68,./0.png,12.2,2022/11/23
19.0733143155752,47.6425181925845,"69","651944","255408",DP69,./0.png,12.2,2022/11/23
19.073367551412,47.6425181811866,"70","651948","255408",DP70,./0.png,12,2022/11/23
19.0733143324225,47.6425541701854,"71","651944","255412",DP71,./0.png,12.2,2022/11/23
19.073314298728,47.6424822149831,"72","651944","255404",DP72,./0.png,12,2022/11/23
19.0732610629275,47.6424822263565,"73","651940","255404",DP73,./0.png,11.8,2022/11/24
19.0731013388238,47.6424462827277,"74","651928","255400",DP74,./0.png,11.9,2022/11/24
19.0731545745881,47.6424462714279,"75","651932","255400",DP75,./0.png,11.8,2022/11/24
19.0730480863936,47.6424103164008,"76","651924","255396",DP76,./0.png,11.9,2022/11/24
19.0731013221217,47.6424103051255,"77","651928","255396",DP77,./0.png,11.8,2022/11/24
19.0731545578497,47.6424102938256,"78","651932","255396",DP78,./0.png,11.8,2022/11/24
19.0732077935777,47.6424102825013,"79","651936","255396",DP79,./0.png,11.8,2022/11/25
19.0732610293057,47.6424102711524,"80","651940","255396",DP80,./0.png,12.3,2022/11/25
19.0733142650336,47.6424102597791,"81","651944","255396",DP81,./0.png,12.3,2022/11/25
19.0733675007615,47.6424102483812,"82","651948","255396",DP82,./0.png,12.3,2022/11/25
19.0734207364894,47.6424102369589,"83","651952","255396",DP83,./0.png,12,2022/11/25
19.0734739722173,47.642410225512,"84","651956","255396",DP84,./0.png,12,2022/11/25
19.0735272079452,47.6424102140406,"85","651960","255396",DP85,./0.png,12,2022/11/26
19.0734207534092,47.6424462145611,"86","651952","255400",DP86,./0.png,12,2022/11/26
19.0734739891733,47.6424462031142,"87","651956","255400",DP87,./0.png,12,2022/11/26
19.0732609116298,47.642158427925,"88","651960","255400",DP88,./0.png,12,2022/11/26
19.073367517645,47.6424462259834,"89","651948","255400",DP89,./0.png,12,2022/11/26
19.0733142818808,47.6424462373813,"90","651944","255400",DP90,./0.png,12,2022/11/26
19.0732610461166,47.6424462487547,"91","651940","255400",DP91,./0.png,11.8,2022/11/28
19.073101355526,47.6424822603296,"92","651928","255404",DP92,./0.png,11.9,2022/11/28
19.0729948506655,47.6424103276516,"93","651920","255396",DP93,./0.png,11.9,2022/11/28
19.0729416149374,47.642410338878,"94","651916","255396",DP94,./0.png,12,2022/11/28
19.0729416315308,47.6424463164802,"95","651916","255400",DP95,./0.png,11.9,2022/11/28
19.0728883626523,47.6423743724771,"96","651912","255392",DP96,./0.png,12,2022/11/28
19.0728351269604,47.6423743836544,"97","651908","255392",DP97,./0.png,12,2022/11/29
19.0727818912685,47.6423743948072,"98","651904","255392",DP98,./0.png,11.8,2022/11/29
19.0723563458208,47.6431300127168,"99","651872","255476",DP99,./0.png,12.5,2022/11/29
19.0729415983441,47.6423743612753,"100","651916","255392",DP100,./0.png,11.9,2022/11/29
19.0729948340359,47.642374350049,"101","651920","255392",DP101,./0.png,11.9,2022/11/29
19.0730480697277,47.6423743387981,"102","651924","255392",DP102,./0.png,11.9,2022/11/29
19.0730480530619,47.642338361195,"103","651924","255388",DP103,./0.png,11.9,2022/11/30
19.0730480197303,47.6422664059875,"104","651924","255380",DP104,./0.png,12.2,2022/11/30
19.0731012720154,47.6423023723162,"105","651928","255384",DP105,./0.png,11.8,2022/11/30
19.0731544908963,47.6422663834124,"106","651932","255380",DP106,./0.png,12.2,2022/11/30
19.0732077097047,47.6422303944838,"107","651936","255376",DP107,./0.png,12,2022/11/30
19.0731545076346,47.6423023610164,"108","651932","255384",DP108,./0.png,11.8,2022/11/30
19.0732077432538,47.6423023496921,"109","651936","255384",DP109,./1.png,12,2022/12/01
19.0732077264792,47.6422663720881,"110","651936","255380",DP110,./1.png,12,2022/12/01
19.073260978873,47.6423023383432,"111","651940","255384",DP111,./1.png,12,2022/12/01
19.0733142144922,47.6423023269699,"112","651944","255384",DP112,./1.png,12,2022/12/01
19.0733674501113,47.642302315572,"113","651948","255384",DP113,./1.png,12.3,2022/12/01
19.0734206857304,47.6423023041497,"114","651952","255384",DP114,./1.png,12.3,2022/12/01
19.0734739213495,47.6423022927029,"115","651956","255384",DP115,./1.png,12,2022/12/02
19.0732077600284,47.6423383272955,"116","651936","255388",DP116,./1.png,11.8,2022/12/02
19.0732609956839,47.6423383159467,"117","651940","255388",DP117,./1.png,12.3,2022/12/02
19.0732610124947,47.6423742935498,"118","651940","255392",DP118,./1.png,12.3,2022/12/02
19.073207776803,47.6423743048987,"119","651936","255392",DP119,./1.png,11.8,2022/12/02
19.0733674669947,47.6423382931755,"120","651948","255388",DP120,./1.png,12.3,2022/12/02
19.0734207195698,47.6423742593562,"121","651952","255392",DP121,./1.png,12,2022/12/03
19.0734207026501,47.6423382817531,"122","651952","255388",DP122,./1.png,12.3,2022/12/03
19.0734739383055,47.6423382703063,"123","651956","255388",DP123,./1.png,12,2022/12/03
19.0735804096161,47.6423382473391,"124","651964","255388",DP124,./1.png,12,2022/12/03
19.0735804266446,47.6423742249421,"125","651964","255392",DP125,./1.png,12,2022/12/03
19.0733141471039,47.6421584165517,"126","651968","255392",DP126,./1.png,12,2022/12/03
19.0727819407222,47.6424823276141,"127","651904","255404",DP127,./1.png,12,2022/12/05
19.0723031093672,47.6431300236492,"128","651868","255476",DP128,./1.png,12.5,2022/12/05
19.072781841815,47.6422664619965,"129","651904","255380",DP129,./1.png,11.8,2022/12/05
19.0728350773981,47.6422664508437,"130","651908","255380",DP130,./1.png,11.9,2022/12/05
19.0728350939188,47.6423024284477,"131","651908","255384",DP131,./1.png,11.9,2022/12/05
19.0728351104396,47.6423384060512,"132","651908","255388",DP132,./1.png,11.9,2022/12/05
19.0728882964242,47.642230462062,"133","651912","255376",DP133,./1.png,11.9,2022/12/06
19.0728350608774,47.6422304732393,"134","651908","255376",DP134,./1.png,11.7,2022/12/06
19.0727818253305,47.6422304843921,"135","651904","255376",DP135,./1.png,11.7,2022/12/06
19.0723030932086,47.6430940460548,"136","651868","255472",DP136,./1.png,12.5,2022/12/06
19.07230307705,47.6430580684601,"137","651868","255468",DP137,./1.png,12.5,2022/12/06
19.0727818088461,47.6421945067872,"138","651904","255372",DP138,./1.png,11.7,2022/12/06
19.0728350443566,47.6421944956345,"139","651908","255372",DP139,./1.png,11.7,2022/12/07
19.0728882798672,47.6421944844572,"140","651912","255372",DP140,./1.png,11.8,2022/12/07
19.072835027836,47.6421585180293,"141","651908","255368",DP141,./1.png,11.7,2022/12/07
19.0729947841473,47.6422664172384,"142","651920","255380",DP142,./1.png,11.9,2022/12/07
19.0730480363961,47.6423023835915,"143","651924","255384",DP143,./1.png,11.9,2022/12/07
19.0730480030645,47.6422304283832,"144","651924","255376",DP144,./1.png,12.2,2022/12/07
19.0730479863988,47.6421944507784,"145","651924","255372",DP145,./1.png,11.9,2022/12/08
19.073047969733,47.6421584731732,"146","651924","255368",DP146,./1.png,11.9,2022/12/08
19.0730479530673,47.6421224955676,"147","651924","255364",DP147,./1.png,11.8,2022/12/08
19.0731012219093,47.6421944395031,"148","651928","255372",DP148,./1.png,12.2,2022/12/08
19.0731012052073,47.6421584618979,"149","651928","255368",DP149,./1.png,12.2,2022/12/08
19.0731011885053,47.6421224842923,"150","651928","255364",DP150,./1.png,12.2,2022/12/08
19.0728882301964,47.6420865516403,"151","651912","255360",DP151,./1.png,11.8,2022/12/09
19.0729414655982,47.6420865404385,"152","651916","255360",DP152,./1.png,11.8,2022/12/09
19.0729947009999,47.6420865292123,"153","651920","255360",DP153,./1.png,11.8,2022/12/09
19.0730479364017,47.6420865179615,"154","651924","255360",DP154,./1.png,11.8,2022/12/09
19.0731011718034,47.6420865066862,"155","651928","255360",DP155,./1.png,11.8,2022/12/09
19.073154407205,47.6420864953865,"156","651932","255360",DP156,./1.png,12.2,2022/12/09
19.0732076426067,47.6420864840622,"157","651936","255360",DP157,./1.png,12.2,2022/12/10
19.0725692262753,47.6429860583625,"158","651888","255460",DP158,./1.png,12,2022/12/10
19.0726224789599,47.6430220249031,"159","651892","255464",DP159,./1.png,12,2022/12/10
19.072675731717,47.6430579914189,"160","651896","255468",DP160,./1.png,12.5,2022/12/10
19.0726757973669,47.6432019017951,"161","651896","255484",DP161,./1.png,12,2022/12/10
19.0725692589551,47.6430580135532,"162","651888","255468",DP162,./1.png,12.5,2022/12/10
19.0726225444647,47.6431659352811,"163","651892","255480",DP163,./1.png,12.5,2022/12/12
19.073473870482,47.6421943598899,"164","651956","255372",DP164,./1.png,12,2022/12/12
19.0735271229844,47.6422303260233,"165","651960","255376",DP165,./1.png,12,2022/12/12
19.0735803755593,47.6422662921317,"166","651964","255380",DP166,./1.png,12,2022/12/12
19.0736336282067,47.6423022582153,"167","651968","255384",DP167,./1.png,12,2022/12/12
19.073367382578,47.6421584051539,"168","651972","255388",DP168,./1.png,12,2022/12/12
19.0725160551815,47.6431299797726,"169","651884","255476",DP169,./1.png,12.5,2022/12/13
19.0725693079749,47.643165946336,"170","651888","255480",DP170,./1.png,12.5,2022/12/13
19.0734206349716,47.6421943713367,"171","651952","255372",DP171,./1.png,12,2022/12/13
19.0734738874378,47.6422303374946,"172","651956","255376",DP172,./1.png,12,2022/12/13
19.0735271399765,47.6422663036276,"173","651960","255380",DP173,./1.png,12,2022/12/13
19.0735803925877,47.6423022697356,"174","651964","255384",DP174,./1.png,12,2022/12/13
19.0736336452714,47.6423382358187,"175","651968","255388",DP175,./1.png,12,2022/12/14
19.0725160388778,47.6430940021783,"176","651884","255472",DP176,./1.png,12.5,2022/12/14
19.0725160714852,47.6431659573665,"177","651884","255480",DP177,./1.png,12.5,2022/12/14
19.0733673994613,47.6421943827591,"178","651948","255372",DP178,./1.png,12,2022/12/14
19.0734206518912,47.6422303489415,"179","651952","255376",DP179,./1.png,12,2022/12/14
19.0734739043937,47.642266315099,"180","651956","255380",DP180,./1.png,12,2022/12/14
19.0735271569686,47.6423022812315,"181","651960","255384",DP181,./1.png,12,2022/12/15
19.0732076593811,47.6421224616682,"182","651936","255364",DP182,./1.png,12.2,2022/12/15
19.0725693243149,47.6432019239295,"183","651888","255484",DP183,./1.png,12,2022/12/15
19.0733141639509,47.6421943941569,"184","651944","255372",DP184,./1.png,12,2022/12/15
19.0733674163446,47.6422303603638,"185","651948","255376",DP185,./1.png,12,2022/12/15
19.0734206688108,47.6422663265458,"186","651952","255380",DP186,./1.png,12,2022/12/15
19.0731544239432,47.6421224729925,"187","651932","255364",DP187,./2.png,12.2,2023/01/04
19.0732076761556,47.6421584392738,"188","651936","255368",DP188,./2.png,12.2,2023/01/04
19.0732609284405,47.6421944055302,"189","651940","255372",DP189,./2.png,12,2023/01/04
19.0732076929301,47.642194416879,"190","651936","255372",DP190,./2.png,12.2,2023/01/04
19.073367433228,47.6422663379681,"191","651948","255380",DP191,./2.png,12,2023/01/04
19.0731544406815,47.6421584505981,"192","651932","255368",DP192,./2.png,12.2,2023/01/04
19.0731544574197,47.6421944282033,"193","651932","255372",DP193,./2.png,12.2,2023/01/05
19.0729947176294,47.6421225068183,"194","651920","255364",DP194,./2.png,11.8,2023/01/05
19.0729947342588,47.6421584844239,"195","651920","255368",DP195,./2.png,11.9,2023/01/05
19.0728350113153,47.6421225404236,"196","651908","255364",DP196,./2.png,11.8,2023/01/05
19.0728349947947,47.6420865628175,"197","651908","255360",DP197,./2.png,11.8,2023/01/05
19.0721965399436,47.642914179868,"198","651860","255452",DP198,./2.png,12,2023/01/05
19.0721965238577,47.6428782022712,"199","651860","255448",DP199,./2.png,12,2023/01/06
19.0727817593929,47.6420865739703,"200","651904","255360",DP200,./2.png,11.7,2023/01/06
19.0727817758772,47.6421225515763,"201","651904","255364",DP201,./2.png,11.7,2023/01/06
19.0721965560296,47.6429501574645,"202","651860","255456",DP202,./2.png,12,2023/01/06
19.0721965077717,47.6428422246739,"203","651860","255444",DP203,./2.png,12,2023/01/06
19.0721965721157,47.6429861350605,"204","651860","255460",DP204,./2.png,12,2023/01/06
19.0721965882017,47.6430221126561,"205","651860","255464",DP205,./2.png,12,2023/01/09
19.0722498406689,47.6430580793679,"206","651864","255468",DP206,./2.png,12.5,2023/01/09
19.0724091278102,47.6421226289594,"207","651876","255364",DP207,./2.png,12,2023/01/09
19.0723559085662,47.6421586175218,"208","651872","255368",DP208,./2.png,12,2023/01/09
19.0723026892498,47.6421946060593,"209","651868","255372",DP209,./2.png,12,2023/01/09
19.0723027054079,47.6422305836642,"210","651868","255376",DP210,./2.png,12,2023/01/09
19.072302721566,47.6422665612687,"211","651868","255380",DP211,./2.png,12.3,2023/01/10
19.0722495021045,47.6423025497804,"212","651864","255384",DP212,./2.png,12.3,2023/01/10
19.0723027538823,47.6423385164763,"213","651868","255388",DP213,./2.png,12.3,2023/01/10
19.0723559895381,47.6423385055441,"214","651872","255388",DP214,./2.png,12.3,2023/01/10
19.0723027700405,47.6423744940796,"215","651868","255392",DP215,./2.png,12.1,2023/01/10
19.0722495343483,47.6423745049873,"216","651864","255392",DP216,./2.png,12.1,2023/01/10
19.0723027861987,47.6424104716823,"217","651868","255396",DP217,./2.png,12.1,2023/01/11
19.0722495504703,47.6424104825901,"218","651864","255396",DP218,./2.png,12.1,2023/01/11
19.0722495665922,47.6424464601924,"219","651864","255400",DP219,./2.png,12.1,2023/01/11
19.0723028023569,47.6424464492847,"220","651868","255400",DP220,./2.png,12.1,2023/01/11
19.0723560381215,47.6424464383524,"221","651872","255400",DP221,./2.png,12.1,2023/01/11
19.072356054316,47.6424824159544,"222","651872","255404",DP222,./2.png,12.1,2023/01/11
19.0722495827142,47.6424824377944,"223","651864","255404",DP223,./2.png,12.1,2023/01/12
19.0722495988362,47.6425184153959,"224","651864","255408",DP224,./2.png,12.1,2023/01/12
19.0723028508317,47.6425543820892,"225","651868","255412",DP225,./2.png,12.1,2023/01/12
19.0723560867051,47.642554371157,"226","651872","255412",DP226,./2.png,12.1,2023/01/12
19.0722496149583,47.642554392997,"227","651864","255412",DP227,./2.png,12,2023/01/12
19.07230286699,47.6425903596899,"228","651868","255416",DP228,./2.png,12,2023/01/12
19.0723028831483,47.6426263372901,"229","651868","255420",DP229,./2.png,12,2023/01/13
19.0722496633245,47.6426623257977,"230","651864","255424",DP230,./2.png,12,2023/01/13
19.0723028993067,47.64266231489,"231","651868","255424",DP231,./2.png,11.7,2023/01/13
19.0722496955687,47.6427342809961,"232","651864","255432",DP232,./2.png,11.7,2023/01/13
19.0722496794466,47.6426983033972,"233","651864","255428",DP233,./2.png,11.7,2023/01/13
19.0722497116909,47.6427702585947,"234","651864","255436",DP234,./2.png,11.7,2023/01/13
19.0724094037328,47.6427342481992,"235","651876","255432",DP235,./2.png,11.7,2023/01/16
19.0724626397875,47.6427342372179,"236","651880","255432",DP236,./2.png,12.3,2023/01/16
19.0725158758421,47.642734226212,"237","651884","255432",DP237,./2.png,12.3,2023/01/16
19.0725691118968,47.6427342151817,"238","651888","255432",DP238,./2.png,12.3,2023/01/16
19.0726223479514,47.6427342041269,"239","651892","255432",DP239,./2.png,12,2023/01/16
19.0723029477819,47.6427702476869,"240","651868","255436",DP240,./2.png,11.7,2023/01/16
19.0725158921456,47.6427702038106,"241","651884","255436",DP241,./2.png,12,2023/01/17
19.0726223970794,47.6428421369211,"242","651892","255444",DP242,./2.png,12,2023/01/17
19.0726223643274,47.6427701817254,"243","651892","255436",DP243,./2.png,12,2023/01/17
19.0726756004182,47.642770170646,"244","651896","255436",DP244,./2.png,12,2023/01/17
19.072728836509,47.6427701595422,"245","651900","255436",DP245,./2.png,12,2023/01/17
19.0727288529575,47.6428061371402,"246","651900","255440",DP246,./2.png,11.8,2023/01/17
19.0726756168305,47.6428061482441,"247","651896","255440",DP247,./2.png,12,2023/01/18
19.0726756332428,47.6428421258418,"248","651896","255444",DP248,./2.png,12,2023/01/18
19.0727288694061,47.6428421147379,"249","651900","255444",DP249,./2.png,11.8,2023/01/18
19.0727289845466,47.6430939579096,"250","651900","255472",DP250,./2.png,12,2023/01/18
19.0727822209638,47.6430939467812,"251","651904","255472",DP251,./2.png,11.8,2023/01/18
19.0722514207619,47.6465838816426,"252","651864","255860",DP252,./0.png,11.4,2022/11/02
19.0759780481923,47.6462592608628,"253","652144","255824",DP253,./2.png,14.5,2023/01/18
19.0743809126957,47.6463675608572,"254","652024","255836",DP254,./3.png,13.1,2023/02/16
19.0745405611102,47.646223614891,"255","652036","255820",DP255,./3.png,12.7,2023/02/17
19.0739547875458,47.6459359243857,"256","651992","255788",DP256,./3.png,12.9,2023/02/03
19.074327620363,47.6462596400525,"257","652020","255824",DP257,./3.png,13,2023/02/17
19.0744872862439,47.6461516717132,"258","652032","255812",DP258,./3.png,13,2023/02/17
19.0743807720964,47.6460797403979,"259","652024","255804",DP259,./3.png,13,2023/02/17
19.0742210363511,47.6460437983578,"260","652012","255800",DP260,./3.png,13.1,2023/02/17
19.0741678318203,47.6461157652669,"261","652008","255808",DP261,./3.png,13.1,2023/02/17
19.0741678666799,47.6461877203834,"262","652008","255816",DP262,./3.png,12.2,2023/02/20
19.0734223270418,47.6457921297174,"263","651952","255772",DP263,./3.png,11.9,2023/02/03
19.0742743107458,47.6461157416609,"264","652016","255808",DP264,./3.png,13,2023/02/20
19.0744338882458,47.645827885585,"265","652028","255776",DP265,./3.png,13.2,2023/02/03
19.0732094040484,47.6458641303872,"266","651936","255780",DP266,./3.png,11,2023/02/20
19.073315882467,47.6458641076635,"267","651944","255780",DP267,./3.png,11.9,2023/02/20
19.074593623483,47.6458638273337,"268","652040","255780",DP268,./3.png,13.4,2023/02/03
19.0731029924471,47.6460080632567,"269","651928","255796",DP269,./3.png,10.8,2023/02/20
19.0759780668552,47.6462952384194,"270","652144","255828",DP270,./2.png,14.5,2023/01/19
19.0759780855182,47.6463312159755,"271","652144","255832",DP271,./2.png,14.5,2023/01/19
19.0759249575994,47.6465470939029,"272","652140","255856",DP272,./2.png,15,2023/01/19
19.0758717362928,47.6465830840312,"273","652136","255860",DP273,./2.png,15,2023/01/19
19.0733158487684,47.645792152539,"274","651944","255772",DP274,./3.png,11.9,2023/02/06
19.0743808072461,47.6461516955153,"275","652024","255812",DP275,./3.png,13,2023/02/20
19.0759781415073,47.6464391486413,"276","652144","255844",DP276,./2.png,14.3,2023/01/19
19.0759781228442,47.6464031710865,"277","652144","255840",DP277,./2.png,14,2023/01/19
19.0733159835635,47.6460799730267,"278","651944","255804",DP278,./3.png,11,2023/02/21
19.0736354371915,47.6461158818265,"279","651968","255808",DP279,./3.png,12.2,2023/02/21
19.0733161183601,47.6463677934873,"280","651944","255836",DP280,./3.png,10.8,2023/02/21
19.0759249389725,47.6465111163494,"281","652140","255852",DP281,./2.png,14.3,2023/01/20
19.0759781041812,47.6463671935312,"282","652144","255836",DP282,./2.png,14.5,2023/01/20
19.0744338706349,47.6457919080227,"283","652028","255772",DP283,./3.png,13.1,2023/02/06
19.0734224624172,47.646079950205,"284","651952","255804",DP284,./3.png,11,2023/02/21
19.0742209140897,47.6457919554305,"285","652012","255772",DP285,./3.png,13,2023/02/06
19.0740612140376,47.6458279682914,"286","652000","255776",DP286,./3.png,12.8,2023/02/06
19.0742209315555,47.6458279329929,"287","652012","255776",DP287,./3.png,13,2023/02/06
19.0743273923623,47.6457919317756,"288","652020","255772",DP288,./3.png,13.1,2023/02/06
19.074274153226,47.6457919436154,"289","652016","255772",DP289,./3.png,13.1,2023/02/07
19.0742745732831,47.6466554049937,"290","652016","255868",DP290,./3.png,12.3,2023/02/21
19.0739548393997,47.6460438570664,"291","651992","255800",DP291,./3.png,12.5,2023/02/21
19.0734224285732,47.6460079950856,"292","651952","255796",DP292,./3.png,12.1,2023/02/22
19.0742745382778,47.6465834498882,"293","652016","255860",DP293,./3.png,12.3,2023/02/22
19.0734223947293,47.6459360399646,"294","651952","255788",DP294,./3.png,11.7,2023/02/22
19.0733159498646,47.6460080179074,"295","651944","255796",DP295,./3.png,11,2023/02/22
19.0744341171897,47.6462955938561,"296","652028","255828",DP296,./3.png,13,2023/02/22
19.0741680409793,47.6465474959409,"297","652008","255856",DP297,./3.png,12,2023/02/22
19.0758183293711,47.6462592985879,"298","652132","255824",DP298,./2.png,16,2023/01/20
19.0758183479253,47.6462952761445,"299","652132","255828",DP299,./2.png,16,2023/01/20
19.0758715689782,47.6462592860374,"300","652136","255824",DP300,./2.png,14.5,2023/01/20
19.0734223608855,47.6458640848419,"301","651952","255780",DP301,./3.png,11.7,2023/02/23
19.0733159161658,47.6459360627863,"302","651944","255788",DP302,./3.png,11.7,2023/02/23
19.0758716247495,47.6463672187059,"303","652136","255836",DP303,./2.png,14,2023/01/20
19.075871606159,47.6463312411501,"304","652136","255832",DP304,./2.png,14.5,2023/01/23
19.0758715875686,47.646295263594,"305","652136","255828",DP305,./2.png,14.5,2023/01/23
19.0759248644654,47.6463672061308,"306","652140","255836",DP306,./2.png,14.5,2023/01/23
19.0758183850336,47.6463672312564,"307","652132","255836",DP307,./2.png,15.5,2023/01/23
19.072091684941,47.6465479366675,"308","651852","255856",DP308,./0.png,12.2,2022/11/02
19.0720384450421,47.646547947478,"309","651848","255856",DP309,./0.png,12.2,2022/11/02
19.0721449569437,47.6466198809395,"310","651856","255864",DP310,./0.png,12.9,2022/11/02
19.0720917009566,47.6465839142212,"311","651852","255860",DP311,./0.png,12.2,2022/11/02
19.072198196915,47.6466198700799,"312","651860","255864",DP312,./0.png,12.9,2022/11/02
19.0720384610215,47.6465839250318,"313","651848","255860",DP313,./0.png,12.2,2022/11/03
19.0742212284784,47.6464395514873,"314","652012","255844",DP314,./3.png,12.3,2023/02/23
19.0719852210864,47.6465839358178,"315","651844","255860",DP315,./0.png,12.2,2022/11/03
19.0743277080567,47.6464395278322,"316","652020","255844",DP316,./3.png,12.3,2023/02/23
19.0721981647387,47.646547914973,"317","651860","255856",DP317,./0.png,11.4,2022/11/03
19.0740614223239,47.6462596990064,"318","652000","255824",DP318,./3.png,12.8,2023/02/23
19.0743277431343,47.6465114829411,"319","652020","255852",DP319,./3.png,12.7,2023/02/23
19.0741679712593,47.6464035857231,"320","652008","255840",DP320,./3.png,12.7,2023/02/24
19.0739550468173,47.6464755877511,"321","651992","255848",DP321,./3.png,12.2,2023/02/24
19.0719852051433,47.6465479582641,"323","651844","255856",DP323,./0.png,12.3,2022/11/03
19.0719851892002,47.6465119807099,"324","651844","255852",DP324,./0.png,12.3,2022/11/03
19.0721981808268,47.6465838925267,"325","651860","255860",DP325,./0.png,11.4,2022/11/04
19.0744874097763,47.6464035146105,"326","652032","255840",DP326,./3.png,13.1,2023/02/24
19.0742744157601,47.6463316070055,"327","652016","255832",DP327,./3.png,12.3,2023/02/24
19.0741679363994,47.6463316306115,"328","652008","255832",DP328,./3.png,12.7,2023/02/24
19.0758184406964,47.646475163921,"329","652132","255848",DP329,./2.png,14,2023/01/23
19.0757652008717,47.6464751764471,"330","652128","255848",DP330,./2.png,14.3,2023/01/23
19.0757119980105,47.6465471440563,"331","652124","255856",DP331,./2.png,14.3,2023/01/24
19.0757120164923,47.6465831216095,"332","652124","255860",DP332,./2.png,14.4,2023/01/24
19.0757652564258,47.6465831091079,"333","652128","255860",DP333,./2.png,14.7,2023/01/24
19.0757120349742,47.6466190991622,"334","652124","255864",DP334,./2.png,15.2,2023/01/24
19.075712053456,47.6466550767146,"335","652124","255868",DP335,./2.png,15.2,2023/01/24
19.0756588503412,47.6467270442951,"336","652120","255876",DP336,./2.png,14.2,2023/01/24
19.0757120904198,47.646727031818,"337","652124","255876",DP337,./2.png,14.7,2023/01/25
19.0757121089018,47.6467630093691,"338","652124","255880",DP338,./2.png,14.7,2023/01/25
19.0756588687869,47.6467630218462,"339","652120","255880",DP339,./2.png,14.5,2023/01/25
19.0756588872326,47.6467989993968,"340","652120","255884",DP340,./2.png,14.5,2023/01/25
19.0756056470814,47.6467990118495,"341","652116","255884",DP341,./2.png,14.5,2023/01/25
19.0756056654908,47.6468349893997,"342","652116","255888",DP342,./2.png,14.5,2023/01/25
19.0756589056783,47.6468349769471,"343","652120","255888",DP343,./2.png,14.5,2023/01/26
19.0756056839003,47.6468709669495,"344","652116","255892",DP344,./2.png,14.5,2023/01/26
19.0756057207193,47.6469429220478,"345","652116","255900",DP345,./2.png,14.5,2023/01/26
19.0756589610156,47.6469429095952,"346","652120","255900",DP346,./2.png,14.5,2023/01/26
19.0757122013118,47.6469428971181,"347","652124","255900",DP347,./2.png,14,2023/01/26
19.0757122197939,47.6469788746666,"348","652124","255904",DP348,./2.png,14,2023/01/26
19.0757654601264,47.6469788621649,"349","652128","255904",DP349,./2.png,14,2023/01/27
19.075818644795,47.6468709169919,"350","652132","255892",DP350,./2.png,14.8,2023/01/27
19.0758186262405,47.6468349394421,"351","652132","255888",DP351,./2.png,14.8,2023/01/27
19.075818607686,47.6467989618919,"352","652132","255884",DP352,./2.png,14.7,2023/01/27
19.0757653860531,47.6468349519683,"353","652128","255888",DP353,./2.png,14.5,2023/01/27
19.0757654045714,47.6468709295181,"354","652128","255892",DP354,./2.png,14.8,2023/01/27
19.0757654230897,47.6469069070674,"355","652128","255896",DP355,./2.png,14,2023/01/30
19.0757121828298,47.6469069195691,"356","652124","255896",DP356,./2.png,14,2023/01/30
19.075658924124,47.6468709544969,"357","652120","255892",DP357,./2.png,14.5,2023/01/30
19.0756589425698,47.6469069320462,"358","652120","255896",DP358,./2.png,14.5,2023/01/30
19.0757653675349,47.6467989744181,"359","652128","255884",DP359,./2.png,14.5,2023/01/30
19.0757653490166,47.6467629968674,"360","652128","255880",DP360,./2.png,14.7,2023/01/30
19.0758185891315,47.6467629843413,"361","652132","255880",DP361,./2.png,14.7,2023/01/31
19.0736354030573,47.646043926708,"362","651968","255800",DP362,./3.png,12,2023/02/24
19.0735289922546,47.646187859961,"363","651960","255816",DP363,./3.png,11.2,2023/02/27
19.0734225301055,47.6462238604386,"364","651952","255820",DP364,./3.png,11.2,2023/02/27
19.0738483950433,47.6461158354967,"365","651984","255808",DP365,./3.png,12.5,2023/02/27
19.0737418818382,47.6460439035922,"366","651976","255800",DP366,./3.png,12,2023/02/27
19.0737419161174,47.6461158587106,"367","651976","255808",DP367,./3.png,13.1,2023/02/27
19.0739548739691,47.6461158121848,"368","651992","255808",DP368,./3.png,12.5,2023/02/27
19.0735290262439,47.6462598150761,"369","651960","255824",DP369,./3.png,11.2,2023/02/28
19.0736355054601,47.6462597920582,"370","651968","255824",DP370,./3.png,12.3,2023/02/28
19.0735289582654,47.6461159048443,"371","651960","255808",DP371,./3.png,12.2,2023/02/28
19.0736354713257,47.6461878369432,"372","651968","255816",DP372,./3.png,13.1,2023/02/28
19.0743810181461,47.6465834261839,"373","652024","255860",DP373,./3.png,12.3,2023/02/28
19.0739549085385,47.6461877673014,"374","651992","255816",DP374,./3.png,12.3,2023/02/28
19.0737419846762,47.6462597689423,"375","651976","255824",DP375,./4.png,12.3,2023/03/01
19.0738484638922,47.6462597457283,"376","651984","255824",DP376,./4.png,12.3,2023/03/01
19.0739549431081,47.6462597224164,"377","651992","255824",DP377,./4.png,12.3,2023/03/01
19.0737420189557,47.6463317240556,"378","651976","255832",DP378,./4.png,12.3,2023/03/01
19.0740614570386,47.6463316541196,"379","652000","255832",DP379,./4.png,12.7,2023/03/01
19.0740613876093,47.6461877438915,"380","652000","255816",DP380,./4.png,12.8,2023/03/01
19.0738485327414,47.6464036559533,"381","651984","255840",DP381,./4.png,12.7,2023/03/02
19.0739549776777,47.6463316775297,"382","651992","255832",DP382,./4.png,12,2023/03/02
19.0738484983167,47.6463317008417,"383","651984","255832",DP383,./4.png,12.3,2023/03/02
19.0739550122475,47.6464036326412,"384","651992","255840",DP384,./4.png,12.7,2023/03/02
19.0740614917534,47.6464036092311,"385","652000","255840",DP385,./4.png,12.2,2023/03/02
19.0737420532353,47.6464036791672,"386","651976","255840",DP386,./4.png,13,2023/03/02
19.0735822828829,47.6462957811363,"387","651964","255828",DP387,./4.png,11.9,2023/03/03
19.0738484294677,47.6461877906134,"388","651984","255816",DP388,./4.png,12.3,2023/03/03
19.0733160846608,47.6462958383747,"389","651944","255828",DP389,./4.png,10.7,2023/03/03
19.0734225639498,47.6462958155528,"390","651952","255828",DP390,./4.png,10.7,2023/03/03
19.0735822999139,47.6463317586928,"391","651964","255832",DP391,./4.png,11.9,2023/03/03
19.0738485671662,47.6464756110632,"392","651984","255848",DP392,./4.png,12.7,2023/03/03
19.0733160509617,47.6462238832604,"393","651944","255820",DP393,./4.png,11,2023/03/06
19.0732096053719,47.6462958610985,"394","651936","255828",DP394,./4.png,10.5,2023/03/06
19.0733160172625,47.6461519281444,"395","651944","255812",DP395,./4.png,11,2023/03/06
19.0734224962613,47.6461519053227,"396","651952","255812",DP396,./4.png,11,2023/03/06
19.0735288732928,47.6459360170449,"397","651960","255788",DP397,./4.png,11.7,2023/03/06
19.0732095047097,47.6460799957504,"398","651936","255804",DP398,./4.png,11,2023/03/06
19.0758717920648,47.6466910166881,"399","652136","255872",DP399,./2.png,15,2023/01/31
19.0758718106555,47.6467269942396,"400","652136","255876",DP400,./2.png,15,2023/01/31
19.0757653119802,47.6466910417649,"401","652128","255872",DP401,./2.png,14.7,2023/01/31
19.0758185520225,47.6466910292388,"402","652132","255872",DP402,./2.png,14.7,2023/01/31
19.0758185334681,47.6466550516869,"403","652132","255868",DP403,./2.png,15.2,2023/01/31
19.0758717734741,47.6466550391363,"404","652136","255868",DP404,./3.png,14.4,2023/02/01
19.0758717548835,47.6466190615839,"405","652136","255864",DP405,./3.png,14.4,2023/02/01
19.0758185149137,47.6466190741345,"406","652132","255864",DP406,./3.png,15.2,2023/02/01
19.0758184963593,47.6465830965818,"407","652132","255860",DP407,./3.png,14.7,2023/02/01
19.0759249762263,47.6465830714561,"408","652140","255860",DP408,./3.png,14.4,2023/02/01
19.0758184592507,47.646511141475,"409","652132","255852",DP409,./3.png,15,2023/02/01
19.0758716805211,47.6464751513704,"410","652136","255848",DP410,./3.png,14,2023/02/02
19.0759249203457,47.6464751387953,"411","652140","255848",DP411,./3.png,14.3,2023/02/02
19.0758184035879,47.6464032088117,"412","652132","255840",DP412,./3.png,15.5,2023/02/02
19.0759248830921,47.6464031836861,"413","652140","255840",DP413,./3.png,14,2023/02/02
19.0759248085852,47.6462592734624,"414","652140","255824",DP414,./3.png,14.5,2023/02/02
19.0759249017189,47.6464391612409,"415","652140","255844",DP415,./3.png,14,2023/02/02
19.0758716991116,47.6465111289245,"416","652136","255852",DP416,./3.png,15,2023/02/03
19.0743806314986,47.6457919199114,"417","652024","255772",DP417,./3.png,13.1,2023/02/07
19.0743806490733,47.6458278974737,"418","652024","255776",DP418,./3.png,13.1,2023/02/07
19.0731030258559,47.6460800183762,"419","651928","255804",DP419,./4.png,10.8,2023/03/07
19.0729965802657,47.6461519960215,"420","651920","255812",DP420,./4.png,10.7,2023/03/07
19.0731030592647,47.6461519734939,"421","651928","255812",DP421,./4.png,10.8,2023/03/07
19.0732095382637,47.6461519508682,"422","651936","255812",DP422,./4.png,11,2023/03/07
19.0732095718177,47.6462239059842,"423","651936","255820",DP423,./4.png,10.5,2023/03/07
19.0735289242763,47.6460439497258,"424","651960","255800",DP424,./4.png,12.1,2023/03/07
19.0746468804477,47.6458997929083,"425","652044","255784",DP425,./3.png,13.4,2023/02/07
19.0731029590384,47.6459361081356,"426","651928","255788",DP426,./4.png,10.8,2023/03/08
19.0744871274183,47.6458278736718,"427","652032","255776",DP427,./3.png,13.1,2023/02/07
19.0745403842743,47.6458638392959,"428","652036","255780",DP428,./3.png,13.1,2023/02/07
19.0739547184076,47.6457920141389,"429","651992","255772",DP429,./3.png,12.8,2023/02/08
19.0740079575441,47.6457920024462,"430","651996","255772",DP430,./3.png,12.8,2023/02/08
19.0745936412027,47.645899804895,"431","652040","255784",DP431,./3.png,13.4,2023/02/08
19.0736885056219,47.6457560946717,"433","651972","255768",DP433,./3.png,12.4,2023/02/08
19.0737417618616,47.6457920606644,"434","651976","255772",DP434,./3.png,12.8,2023/02/08
19.0736352494547,47.645720128654,"435","651968","255764",DP435,./3.png,12,2023/02/09
19.0735287543322,47.645684174108,"436","651960","255760",DP436,./3.png,12,2023/02/09
19.0737950009981,47.6457920490698,"437","651980","255772",DP437,./3.png,12.8,2023/02/09
19.0740613181803,47.6460438336565,"438","652000","255800",DP438,./4.png,13.1,2023/03/08
19.0736884885187,47.6457201171084,"440","651972","255764",DP440,./3.png,12.4,2023/02/09
19.0735287373379,47.6456481965439,"441","651960","255756",DP441,./3.png,12,2023/02/09
19.073688522725,47.6457920722345,"442","651972","255772",DP442,./3.png,12.4,2023/02/10
19.0736352665215,47.6457561062173,"443","651968","255768",DP443,./3.png,11.7,2023/02/10
19.0739547356921,47.6458279917012,"444","651992","255776",DP444,./3.png,12.9,2023/02/10
19.0740079748649,47.6458279800086,"445","651996","255776",DP445,./3.png,12.8,2023/02/10
19.0741144532102,47.6458279565497,"446","652004","255776",DP446,./3.png,12.8,2023/02/10
19.0741676923829,47.6458279447835,"447","652008","255776",DP447,./3.png,13,2023/02/10
19.0741676749533,47.6457919672212,"448","652008","255772",DP448,./3.png,13.7,2023/02/13
19.0741144358169,47.6457919789874,"449","652004","255772",DP449,./3.png,12.8,2023/02/13
19.0745936057633,47.6458278497718,"450","652040","255776",DP450,./3.png,13.1,2023/02/13
19.0734222593547,47.6456482194635,"451","651952","255756",DP451,./3.png,12,2023/02/13
19.0734754983463,47.645648208016,"452","651956","255756",DP452,./3.png,12,2023/02/13
19.0734755153043,47.6456841855801,"453","651956","255760",DP453,./3.png,11.7,2023/02/13
19.0734222762764,47.6456841970276,"454","651952","255760",DP454,./3.png,11.7,2023/02/14
19.073369020363,47.6456482308866,"455","651948","255756",DP455,./3.png,12,2023/02/14
19.0733690372485,47.6456842084507,"456","651948","255760",DP456,./3.png,11.7,2023/02/14
19.0733157982206,47.6456842198492,"457","651944","255760",DP457,./3.png,12.2,2023/02/14
19.0733157813713,47.6456482422851,"458","651944","255756",DP458,./3.png,12,2023/02/14
19.0735287713265,47.6457201516717,"459","651960","255764",DP459,./3.png,12,2023/02/14
19.0735820103906,47.6457201401751,"460","651964","255764",DP460,./3.png,12,2023/02/15
19.0735820274212,47.6457561177384,"461","651964","255768",DP461,./3.png,11.7,2023/02/15
19.073848360619,47.6460438803783,"462","651984","255800",DP462,./4.png,12.5,2023/03/08
19.0745936589225,47.645935782456,"463","652040","255788",DP463,./3.png,12.7,2023/02/15
19.0746468982038,47.6459357704693,"464","652044","255788",DP464,./3.png,13.4,2023/02/15
19.0732625423796,47.6456482536591,"465","651940","255756",DP465,./3.png,12.2,2023/02/15
19.0732625591926,47.6456842312232,"466","651940","255760",DP466,./3.png,12.2,2023/02/15
19.0745403665908,47.645827861734,"467","652036","255776",DP467,./3.png,13.1,2023/02/16
19.0739014792712,47.645792025807,"468","651988","255772",DP468,./3.png,12.8,2023/02/16
19.0744871097711,47.6457918961095,"469","652032","255772",DP469,./3.png,13.1,2023/02/16
19.07358199336,47.6456841626114,"470","651964","255760",DP470,./3.png,12,2023/02/16
19.0738482573466,47.645828015013,"471","651984","255776",DP471,./3.png,12.8,2023/02/16
19.071985284859,47.6467278460284,"472","651844","255876",DP472,./0.png,12.3,2022/11/04
19.0719852689158,47.6466918684764,"473","651844","255872",DP473,./0.png,12.6,2022/11/04
19.0720385089598,47.6466918576904,"474","651848","255872",DP474,./0.png,12.6,2022/11/04
19.0720917490037,47.6466918468798,"475","651852","255872",DP475,./0.png,12.6,2022/11/04
19.0720917650194,47.6467278244318,"476","651852","255876",DP476,./0.png,12.6,2022/11/04
19.0720385409187,47.646763812794,"477","651848","255880",DP477,./0.png,12.3,2022/11/05
19.0721449890476,47.6466918360448,"478","651856","255872",DP478,./0.png,12.6,2022/11/05
19.0720385728778,47.6468357678959,"479","651848","255888",DP479,./0.png,12.3,2022/11/05
19.0720918130668,47.6468357570853,"480","651852","255888",DP480,./0.png,12.4,2022/11/05
19.0721450693078,47.6468717238005,"481","651856","255892",DP481,./0.png,12.4,2022/11/05
19.0721983095331,47.6468717129409,"482","651860","255892",DP482,./0.png,12.4,2022/11/05
19.0721450853599,47.6469077013504,"483","651856","255896",DP483,./0.png,12.4,2022/11/07
19.0721983256214,47.6469076904908,"484","651860","255896",DP484,./0.png,12.4,2022/11/07
19.0720918290826,47.6468717346356,"485","651852","255892",DP485,./0.png,12.4,2022/11/07
19.0720385888573,47.6468717454462,"486","651848","255892",DP486,./0.png,12.4,2022/11/07
19.0722515658829,47.6469076796067,"487","651864","255896",DP487,./0.png,12.4,2022/11/07
19.0722515497582,47.6468717020568,"488","651864","255892",DP488,./0.png,12.4,2022/11/07
19.0723048061443,47.6469076686981,"489","651868","255896",DP489,./0.png,12.5,2022/11/08
19.0723580464058,47.6469076577649,"490","651872","255896",DP490,./0.png,12.5,2022/11/08
19.072358062603,47.6469436353144,"491","651872","255900",DP491,./0.png,12.5,2022/11/08
19.0723048223053,47.6469436462475,"492","651868","255900",DP492,./0.png,12.5,2022/11/08
19.0720385568982,47.6467997903451,"493","651848","255884",DP493,./0.png,12.3,2022/11/08
19.072091797051,47.6467997795346,"494","651852","255884",DP494,./0.png,12.3,2022/11/08
19.0720917810352,47.6467638019834,"495","651852","255880",DP495,./0.png,12.3,2022/11/09
19.0719853326887,47.6468357786819,"496","651844","255888",DP496,./0.png,12.3,2022/11/09
19.0718787253454,47.6465479797626,"497","651836","255856",DP497,./0.png,12.2,2022/11/09
19.0720384290628,47.6465119699239,"498","651848","255852",DP498,./0.png,12.3,2022/11/09
19.0719319652444,47.6465479690256,"499","651840","255856",DP499,./0.png,12.2,2022/11/09
19.0719319493375,47.6465119914715,"500","651840","255852",DP500,./0.png,12.3,2022/11/09
19.0755524620498,47.646906956927,"501","652112","255896",DP501,./3.png,14.5,2023/02/03
19.0737949838224,47.6457560715069,"502","651860","255864",DP322,./0.png,12.9,2022/11/03
19.0742741707281,47.6458279211776,"503","652040","255784",DP439,./3.png,13.4,2023/02/09
19.0743274099007,47.6458279093379,"504","652040","255784",DP432,./3.png,13.4,2023/02/08
19.0745936766423,47.6459717600166,"505",,,DP502,./5.png,,
19.0746469159598,47.6459717480298,"506",,,DP503,./5.png,,
19.0745936943621,47.6460077375767,"507",,,DP504,./5.png,,
19.0746469337159,47.64600772559,"508",,,DP505,./5.png,,
19.074593712082,47.6460437151365,"509",,,DP506,./5.png,,
19.0746469692282,47.6460796807089,"510",,,DP507,./5.png,,
19.0747108028518,47.646090747214,"511",,,DP508,./5.png,,
19.0748067053719,47.6461156221603,"512",,,DP509,./5.png,,
19.0748203001324,47.6460882309854,"513",,,DP510,./5.png,,
19.0748527638414,47.646127837479,"514",,,DP511,./5.png,,
19.0748719199339,47.6460969392954,"515",,,DP512,./5.png,,
19.0749132022343,47.6461515755246,"516",,,DP513,./5.png,,
19.074996179075,47.6461235693676,"517",,,DP514,./5.png,,
19.074974815932,47.6461644338269,"518",,,DP515,./5.png,,
19.0750729387767,47.6461875166074,"519",,,DP516,./5.png,,
19.0750953659442,47.6461462187561,"520",,,DP517,./5.png,,
19.0751425850908,47.6462015178426,"521",,,DP518,./5.png,,
19.0752207324924,47.6461750906269,"522",,,DP519,./5.png,,
19.0751967885974,47.6462157065772,"523",,,DP520,./5.png,,
19.0753391546786,47.6462234328828,"524",,,DP521,./5.png,,
19.0754150356215,47.6461897451915,"525",,,DP522,./5.png,,
19.0753923942496,47.6462234205528,"526",,,DP523,./5.png,,
19.0754382847948,47.6462333399577,"527",,,DP524,./5.png,,
19.0754625988432,47.6461959627409,"528",,,DP525,./5.png,,
19.0754854815333,47.6462437930271,"529",,,DP526,./5.png,,
19.0755075824408,47.6462044231654,"530",,,DP527,./5.png,,
19.0755521313353,47.646259360973,"531",,,DP528,./5.png,,
19.0755794847955,47.6462224693273,"532",,,DP529,./5.png,,
19.0756053709425,47.646259348545,"533",,,DP530,./5.png,,
19.0756264890455,47.6462169771817,"534",,,DP531,./5.png,,
19.0752858969161,47.6461874676307,"535",,,DP532,./5.png,,
19.0749662121286,47.6444283285813,"536",,,DP533,./5.png,,
19.0751608997534,47.6444638942876,"537",,,DP534,./5.png,,
19.0753546064238,47.6444956971674,"538",,,DP535,./5.png,,
19.0749838883064,47.6442901121377,"539",,,DP536,./5.png,,
19.0749976681257,47.6441575444714,"540",,,DP537,./5.png,,
19.0750730057492,47.6440291473438,"541",,,DP538,./5.png,,
19.0750134144678,47.6437950768752,"542",,,DP539,./5.png,,
19.0752487039267,47.6448547057883,"543",,,DP540,./5.png,,
19.0754353334823,47.644920320276,"544",,,DP541,./5.png,,
19.0756739618734,47.6449217183315,"545",,,DP542,./5.png,,
19.0759519542276,47.6449835258111,"546",,,DP543,./5.png,,
19.0745497917858,47.6438300387776,"547",,,DP544,./5.png,,
19.0745405541789,47.6439254671098,"548",,,DP545,./5.png,,
19.0744983289633,47.6440613094081,"549",,,DP546,./5.png,,
